designation_name,industry_id,level_id
Junior Analyst,2,1
Banking Associate,2,1
Credit Analyst,2,1
Loan Officer Trainee,2,1
Operations Associate,2,1
Relationship Manager Trainee,2,1
KYC Analyst,2,1
Junior Underwriter,2,1
Teller,2,1
Customer Service Associate,2,1
Branch Operations Associate,2,1
Mortgage Analyst,2,1
Trade Finance Associate,2,1
Treasury Analyst,2,1
Risk Analyst,2,1
Compliance Analyst,2,1
Audit Associate,2,1
Documentation Officer,2,1
Payment Operations Associate,2,1
Reconciliation Analyst,2,1
Senior Analyst,2,3
Relationship Manager,2,3
Branch Manager,2,3
Senior Credit Analyst,2,3
Credit Manager,2,3
Loan Officer,2,3
Risk Manager,2,3
Compliance Manager,2,3
Operations Manager,2,3
Treasury Manager,2,3
Trade Finance Manager,2,3
Senior Underwriter,2,3
Product Manager,2,3
Business Banking Manager,2,3
Retail Banking Manager,2,3
Senior Relationship Manager,2,3
Recovery Manager,2,3
Internal Auditor,2,3
Senior Compliance Officer,2,3
Senior Operations Manager,2,3
Vice President,2,4
Senior Vice President,2,4
Director,2,4
Senior Director,2,4
Regional Manager,2,4
Area Manager,2,4
Country Head,2,4
Head of Retail Banking,2,4
Head of Corporate Banking,2,4
Head of Credit,2,4
Head of Risk,2,4
Head of Operations,2,4
Head of Compliance,2,4
Head of Treasury,2,4
Chief Risk Officer,2,4
Chief Compliance Officer,2,4
Chief Credit Officer,2,4
Chief Operating Officer,2,4
Executive Vice President,2,4
Managing Director,2,4
Financial Analyst,3,1
Investment Banking Analyst,3,1
Equity Research Analyst,3,1
Junior Trader,3,1
Portfolio Analyst,3,1
Wealth Management Associate,3,1
Private Banking Associate,3,1
Junior Accountant,3,1
Tax Associate,3,1
Audit Associate,3,1
Junior Investment Analyst,3,1
Junior Fund Accountant,3,1
Financial Planning Analyst,3,1
Junior Actuary,3,1
Valuation Analyst,3,1
Junior Quantitative Analyst,3,1
Fixed Income Analyst,3,1
Derivatives Analyst,3,1
Corporate Finance Analyst,3,1
FP&A Analyst,3,1
Senior Financial Analyst,3,3
Investment Banking Associate,3,3
Equity Research Associate,3,3
Portfolio Manager,3,3
Asset Manager,3,3
Wealth Manager,3,3
Senior Trader,3,3
Quantitative Analyst,3,3
M&A Associate,3,3
Investment Manager,3,3
Fund Manager,3,3
Financial Consultant,3,3
Senior Accountant,3,3
Finance Manager,3,3
Controller,3,3
Treasury Manager,3,3
Tax Manager,3,3
Senior Actuary,3,3
Valuation Manager,3,3
Financial Planning Manager,3,3
Vice President,3,4
Senior Vice President,3,4
Managing Director,3,4
Executive Director,3,4
Director,3,4
Senior Director,3,4
Chief Financial Officer,3,4
Chief Investment Officer,3,4
Head of Investment Banking,3,4
Head of Trading,3,4
Head of Wealth Management,3,4
Head of Asset Management,3,4
Head of Equity Research,3,4
Partner,3,4
Principal,3,4
Senior Portfolio Manager,3,4
Head of M&A,3,4
Head of Corporate Finance,3,4
Executive Vice President,3,4
Head of Private Equity,3,4
Junior Software Engineer,1,1
Software Developer,1,1
Junior Developer,1,1
Associate Software Engineer,1,1
Programmer Analyst,1,1
Junior Web Developer,1,1
Junior Data Analyst,1,1
QA Analyst,1,1
Technical Support Engineer,1,1
Junior System Administrator,1,1
Help Desk Analyst,1,1
Junior Network Engineer,1,1
Junior DevOps Engineer,1,1
Associate Data Scientist,1,1
Junior UI/UX Designer,1,1
Junior Security Analyst,1,1
Database Administrator,1,1
Junior Business Analyst,1,1
Junior Cloud Engineer,1,1
IT Support Specialist,1,1
Software Engineer,1,3
Senior Software Engineer,1,3
Full Stack Developer,1,3
Backend Developer,1,3
Frontend Developer,1,3
Data Engineer,1,3
Data Scientist,1,3
QA Engineer,1,3
Senior QA Engineer,1,3
DevOps Engineer,1,3
System Administrator,1,3
Network Engineer,1,3
Security Engineer,1,3
Business Analyst,1,3
Senior Business Analyst,1,3
Product Manager,1,3
Project Manager,1,3
Scrum Master,1,3
Technical Lead,1,3
Solutions Architect,1,3
Lead Software Engineer,1,4
Principal Engineer,1,4
Staff Engineer,1,4
Senior Staff Engineer,1,4
Engineering Manager,1,4
Senior Engineering Manager,1,4
Director of Engineering,1,4
VP of Engineering,1,4
Chief Technology Officer,1,4
Chief Information Officer,1,4
Chief Data Officer,1,4
Chief Information Security Officer,1,4
Head of IT,1,4
Head of Development,1,4
Technical Architect,1,4
Enterprise Architect,1,4
Senior Product Manager,1,4
VP of Product,1,4
Senior Director,1,4
Distinguished Engineer,1,4
Software Engineer I,1,2
Junior Full Stack Developer,1,2
Junior Backend Developer,1,2
Junior Frontend Developer,1,2
Junior Data Engineer,1,2
Junior DevOps Engineer,1,2
Junior QA Engineer,1,2
Junior Security Engineer,1,2
Junior Network Engineer,1,2
Junior Cloud Engineer,1,2
Junior Data Scientist,1,2
Junior ML Engineer,1,2
Junior Systems Engineer,1,2
Junior Platform Engineer,1,2
Junior SRE,1,2
Associate QA Engineer,1,2
Associate Data Engineer,1,2
Associate Cloud Engineer,1,2
Associate Security Analyst,1,2
Associate DevOps Engineer,1,2
Lead Software Engineer,1,5
Lead Backend Engineer,1,5
Lead Frontend Engineer,1,5
Lead Full Stack Engineer,1,5
Lead Data Engineer,1,5
Lead Data Scientist,1,5
Lead DevOps Engineer,1,5
Lead QA Engineer,1,5
Lead Security Engineer,1,5
Lead Cloud Engineer,1,5
Lead ML Engineer,1,5
Lead Platform Engineer,1,5
Lead Site Reliability Engineer,1,5
Lead Systems Engineer,1,5
Lead Network Engineer,1,5
Lead UI/UX Designer,1,5
Lead Business Analyst,1,5
Lead Product Manager,1,5
Lead Architect,1,5
Lead Infrastructure Engineer,1,5
Principal Software Engineer,1,6
Principal Data Scientist,1,6
Principal ML Engineer,1,6
Principal Security Engineer,1,6
Principal Cloud Architect,1,6
Principal DevOps Engineer,1,6
Principal Data Engineer,1,6
Principal Systems Architect,1,6
Principal Platform Engineer,1,6
Principal Solutions Architect,1,6
Principal Product Manager,1,6
Principal QA Engineer,1,6
Distinguished Software Engineer,1,6
Fellow Engineer,1,6
Chief Architect,1,6
VP of Technology,1,6
SVP of Engineering,1,6
Chief AI Officer,1,6
Chief Security Officer,1,6
Group Engineering Manager,1,6
Junior Credit Analyst,2,2
Junior Risk Analyst,2,2
Junior Compliance Analyst,2,2
Junior Treasury Analyst,2,2
Junior Auditor,2,2
Junior Trade Finance Analyst,2,2
Junior KYC Analyst,2,2
Junior Mortgage Analyst,2,2
Junior Operations Analyst,2,2
Junior Relationship Manager,2,2
Junior Loan Officer,2,2
Junior Payment Analyst,2,2
Junior Reconciliation Analyst,2,2
Junior Regulatory Analyst,2,2
Junior AML Analyst,2,2
Associate Relationship Manager,2,2
Associate Credit Analyst,2,2
Associate Risk Analyst,2,2
Associate Compliance Officer,2,2
Associate Auditor,2,2
Lead Credit Analyst,2,5
Lead Risk Analyst,2,5
Lead Compliance Officer,2,5
Lead Treasury Analyst,2,5
Lead Auditor,2,5
Lead Operations Analyst,2,5
Lead Relationship Manager,2,5
Lead KYC Analyst,2,5
Lead AML Analyst,2,5
Lead Trade Finance Analyst,2,5
Lead Mortgage Analyst,2,5
Lead Payment Operations,2,5
Lead Reconciliation Analyst,2,5
Lead Regulatory Analyst,2,5
Lead Underwriter,2,5
Lead Business Banking Officer,2,5
Lead Retail Banking Officer,2,5
Lead Branch Officer,2,5
Lead Corporate Banking Officer,2,5
Lead Credit Officer,2,5
Chief Executive Officer,2,6
Chief Banking Officer,2,6
Group Managing Director,2,6
Group Chief Risk Officer,2,6
Group Chief Compliance Officer,2,6
Group Chief Credit Officer,2,6
Group Head of Operations,2,6
Group Head of Treasury,2,6
Group Head of Retail Banking,2,6
Group Head of Corporate Banking,2,6
Group Head of Trade Finance,2,6
Group Head of Audit,2,6
Group Head of AML,2,6
Principal Credit Officer,2,6
Principal Risk Officer,2,6
Principal Compliance Officer,2,6
Group Director of Banking,2,6
Chairman,2,6
Board Director,2,6
Chief Transformation Officer,2,6
Junior Financial Analyst,3,2
Junior Investment Analyst,3,2
Junior Portfolio Analyst,3,2
Junior Equity Research Analyst,3,2
Junior Quantitative Analyst,3,2
Junior Fund Analyst,3,2
Junior Trader,3,2
Junior Risk Analyst,3,2
Junior Compliance Analyst,3,2
Junior Actuary,3,2
Junior Accountant,3,2
Junior Tax Analyst,3,2
Junior Valuation Analyst,3,2
Junior M&A Analyst,3,2
Junior Asset Manager,3,2
Junior Wealth Advisor,3,2
Junior Corporate Finance Analyst,3,2
Junior FP&A Analyst,3,2
Junior Fixed Income Analyst,3,2
Junior Derivatives Analyst,3,2
Lead Financial Analyst,3,5
Lead Investment Analyst,3,5
Lead Portfolio Manager,3,5
Lead Equity Research Analyst,3,5
Lead Quantitative Analyst,3,5
Lead Fund Manager,3,5
Lead Trader,3,5
Lead Risk Analyst,3,5
Lead Compliance Officer,3,5
Lead Actuary,3,5
Lead Accountant,3,5
Lead Tax Manager,3,5
Lead Valuation Analyst,3,5
Lead M&A Analyst,3,5
Lead Asset Manager,3,5
Lead Wealth Manager,3,5
Lead Corporate Finance Manager,3,5
Lead FP&A Manager,3,5
Lead Fixed Income Analyst,3,5
Lead Derivatives Analyst,3,5
Chief Executive Officer,3,6
Chief Financial Officer,3,6
Group Chief Investment Officer,3,6
Group Managing Director,3,6
Group Head of Finance,3,6
Group Head of Investment,3,6
Group Head of Risk,3,6
Group Head of Compliance,3,6
Group Head of Trading,3,6
Group Head of Wealth Management,3,6
Group Head of Asset Management,3,6
Group Head of Private Equity,3,6
Group Head of M&A,3,6
Group Head of Research,3,6
Principal Investment Officer,3,6
Principal Portfolio Manager,3,6
General Partner,3,6
Founding Partner,3,6
Board Director,3,6
Chief Strategy Officer,3,6
